Afghanistan, Afganistán, Afghanestan
Albania, Albania, Shqiperia
Algeria, Argelia, Al Jaza'ir
American Samoa, Samoa Americana, American Samoa
Andorra, Andorra, Andorra
Angola, Angola, Angola
Anguilla, Anguilla, Anguilla
Antarctica, Antártida, Antarctica
Antigua and Barbuda, Antigua y Barbuda, Antigua and Barbuda
Argentina, Argentina, Argentina
Armenia, Armenia, Hayastan
Aruba, Aruba, Aruba
Ascension Island, Isla Ascension, Ascension
Australia, Australia, Australia
Austria, Austria, Österreich
Azerbaijan, Azerbaiyán, Azarbaycan
Bahamas, Bahamas, Bahamas
Bahrain, Bahrein, Al Bahrayn
Bangladesh, Bangladesh, Bangladesh
Barbados, Barbados, Barbados
Belarus, Bielorrusia, Byelarus
Belgium, Bélgica, Belgique/Belgie
Belize, Belice, Belize
Benin, Benín, Benin
Bermuda, Bermudas, Bermuda
Bhutan, Bután, Bhutan 
Bolivia, Bolivia, Bolivia
Bosnia and Herzegovina, Bosnia-Herzegovina, Bosna i Hercegovina
Botswana, Botswana, Botswana
Bouvet Island, Isla Bouvet, Bouvet Island
Brazil, Brasil, Brasil
British Indian Ocean Territory, Territorio Británico del Océano Indico, BIOT
Brunei Darussalam, Brunei Darussalam, Negara Brunei Darussalam
Bulgaria, Bulgaria, Bulgaria
Burkina Faso, Burkina Faso, Burkina Faso
Burundi, Burundi, Burundi
Cambodia, Camboya, Kampuchea
Cameroon, Camerún, Cameroon
Canada, Canadá, Canada
Cape Verde, Cabo Verde, Cabo Verde
Cayman Islands, Islas Caimán, Cayman Islands
Central African Republic, República Centroafricana, Republique Centrafricaine
Chad, Chad, Tchad
Chile, Chile, Chile
China, China, Zhong Guo
Christmas Island, Isla De Navidad, Isla Christmas, Christmas Island
Cocos (Keeling) Islands, Islas Cocos, Cocos (Keeling) Islands
Colombia, Colombia, Colombia
Comoros, Comores, Comores
Democratic Republic of the Congo  (Kinshasa), República Democrática del Congo, République Démocratique du Congo
Congo, Republic of  (Brazzaville), República del Congo, République du Congo
Cook Islands, Islas Cook, Cook Islands
Costa Rica, Costa Rica, Costa Rica
Ivory Coast, Costa de Marfil, Cote d'Ivoire
Croatia, Croacia, Hrvatska
Cuba, Cuba, Cuba
Cyprus, Chipre, Kibris, Kypros
Czech Republic, República Checa, Ceska Republika
Denmark, Dinamarca, Danmark
Djibouti, Djibouti, Yibuti, Djibouti
Dominica, Dominica, Dominica
Dominican Republic, Dominicana, República
Dominicana, Republica
East Timor  Timor-Leste, Timor Oriental, Timor
Ecuador, Ecuador, Ecuador
Egypt, Egipto, Misr
El Salvador, El Salvador, El Salvador
Equatorial Guinea, Guinea Ecuatorial, Guinea
Ecuatorial
Eritrea, Eritrea, Hagere Ertra
Estonia, Estonia, Eesti Vabariik
Ethiopia, Etiopía, Ityop'iya
Falkland Islands, Islas Malvinas, Islas Malvinas
Faroe Islands, Islas Feroe, Foroyar
Fiji, Fiyi, Fiji
Finland, Finlandia, Suomen Tasavalta
France, Francia, France
French Guiana, Guayana Francesa, Guyane
French Polynesia, Polinesia Francesa, Polynésie Française
Gabon, Gabón, Gabon
Gambia, Gambia, The Gambia
Georgia, Georgia, Sak'art'velo
Germany, Alemania, Deutschland
Ghana, Ghana, Ghana
Gibraltar, Gibraltar, Gibraltar
Great Britain, Gran Bretaña, Great Britain
Greece, Grecia, Ellas or Ellada
Greenland, Groenlandia, Kalaallit Nunaat
Grenada, Granada, Grenada
Guadeloupe, Guadalupe, Guadeloupe
Guam, Guam, Guam
Guatemala, Guatemala, Guatemala
Guernsey, Guernsey, Guernsey
Guinea, República Guinea, Guinee
Guinea-Bissau, Guinea Bissau, Guine-Bissau
Guyana, Guyana, Guyana
Haiti, Haiti, Haiti
Heard and Mc Donald Islands, Islas de Heard y McDonald, Heard and Mc Donald
Honduras, Honduras, Honduras
Hong Kong, Hong Kong, Xianggang
Hungary, Hungría, Magyarorszag
Iceland, Islandia, Lyoveldio Island
India, India, Bharat
Indonesia, Indonesia, Indonesia
England, Inglaterra, England
Iran, Irán, Iran
Iraq, Iraq, Iraq
Ireland, Irlanda, Éire
Isle of Man, Isla Man, Isle of Man
Israel, Israel, Yisra'el
Italy, Italia, Italia
Jamaica, Jamaica, Jamaica
Japan, Japón, Nippon
Jersey, Jersey, Jersey
Jordan, Jordania, Al Urdun
Kazakhstan, Kazajstán, Qazaqstan
Kenya, Kenia, Kenya
Kiribati, Kiribati, Kiribati, Kiribas
Korea, North Korea, Corea del Norte, Choson
Korea, Corea del Sur, Han-guk
Kuwait, Kuwait, Al Kuwayt
Kyrgyzstan, Kirguistán, Kyrgyz Respublikasy
Lao, Laos, Lao
Latvia, Letonia, Latvija
Lebanon, Líbano, Lubnan
Lesotho, Lesotho, Lesotho
Liberia, Liberia, Liberia
Libya, Libia, Libiyah
Liechtenstein, Liechtenstein, Liechtenstein
Lithuania, Lituania, Lietuva
Luxembourg, Luxemburgo, Luxembourg, Letzebuerg
Macao, Macao, Aomen
Macedonia, Rep. of, Macedonia, Makedonija
Madagascar, Madagascar, Madagascar
Malawi, Malawi, Malawi
Malaysia, Malasia, Malaysia
Maldives, Maldivas, Dhivehi Raajje
Mali, Malí, Mali
Malta, Malta, Malta
Marshall Islands, Islas Marshall, Marshall Islands
Martinique, Martinica, Martinique
Mauritania, Mauritania, Muritaniyah
Mauritius, Mauricio, Mauritius
Mayotte, Mayotte, Mayotte
Mexico, México, Estados Unidos Mexicanos
Micronesia, Micronesia, Micronesia
Moldova, Moldavia, Moldova
Monaco, Mónaco, Monaco
Mongolia, Mongolia, Mongol Uls
Montenegro, Montenegro, Crna Gora
Morocco, Marruecos, Al Maghrib
Mozambique, Mozambique, Mocambique
Myanmar,  Burma, Myanmar, Birmania, Myanma Naingngandaw
Namibia, Namibia, Namibia
Nauru, Nauru, Nauru
Nepal, Nepal, Nepal
Netherlands, Países Bajos, Nederland, Holanda
Netherlands Antilles, Antillas Holandesas
Nederlandse Antillen
New Caledonia, Nueva Caledonia, Nouvelle-Calédonie
New Zealand, Nueva Zelanda, Aotearoa
Nicaragua, Nicaragua, Nicaragua
Niger, Niger, Niger
Nigeria, Nigeria, Nigeria
Niue, Niue, Niue
Norfolk Island, Norfolk Island, Norfolk Island
Northern Mariana Islands, Marianas del Norte, Northern Mariana Islands
Norway, Noruega, Norge
Oman, Omán, Saltanat Uman
Pakistan, Pakistán, Pakistan
Palau, Palau, Belau
Palestinian National Authority, Palestina, Filastin
Panama, Panamá, Panama
Papua New Guinea, Papúa-Nueva Guinea, Papua Niu Gini
Paraguay, Paraguay, Paraguay
Peru, Perú, Peru
Philippines, Filipinas, Pilipinas
Pitcairn Island, Isla Pitcairn, Pitcairn Island
Poland, Polonia, Polska
Portugal, Portugal, Portugal
Puerto Rico, Puerto Rico, Puerto Rico
Qatar, Qatar, Dawlat Qatar
Reunion Island, Reunión, Ile de la Réunion
Romania, Rumanía, Romania
Russian Federation, Federación Rusa, Rossiya
Russia, Rusia, Rossiya
Rwanda, Ruanda, Rwanda
Saint Lucia, Santa Lucía, Saint Lucia
Samoa, Samoa, Samoa
San Marino, San Marino, San Marino
Sao Tome and Príncipe, San Tomé y Príncipe, Sao Tome e Principe
Saudi Arabia, Arabia Saudita, Al Arabiyah as Suudiyah
Senegal, Senegal, Senegal
Serbia, Serbia, Srbija
Seychelles, Seychelles, Seychelles
Sierra Leone, Sierra Leona, Sierra Leone
Singapore, Singapur, Singapore
Slovakia, Eslovaquia, Slovensko
Slovenia, Eslovenia, Slovenija
Solomon Islands, Islas Salomón, Solomon Islands
Somalia, Somalia, Somalia
South Africa, Sudáfrica, South Africa
Spain, España, España
Sri Lanka, Sri Lanka, Sri Lanka
Saint Helena, Santa Elena, Saint Helena
St. Pierre and Miquelon, San Pedro y Miquelón, Saint-Pierre et Miquelon
Sudan, Sudán, As-Sudan
Suriname, Surinam, Suriname
Svalbard and Jan Mayen Islands, Isla Jan Mayen y Archipiélago de
Svalbard, Spitzbergen
Swaziland, Swazilandia, Swaziland
Sweden, Suecia, Sverige
Switzerland, Suiza, Schweiz/Suisse/Svizzera
Syria,  Syrian Arab Republic, Siria/Suriyah
Taiwan, Taiwan, T'ai-wan
Tajikistan, Tadjikistan, Jumhurii Tojikiston
Tanzania, Tanzania, Tanzania
Thailand, Tailandia, Prathet Thai
Tibet, Tíbet, Bod
Timor-Leste, Timor Oriental, Timor
Togo, Togo, Republique Togolaise
Tokelau, Tokelau, Tokelau
Tonga, Tonga, Tonga
Trinidad and Tobago, Trinidad y Tobago, Trinidad Tobago
Tunisia, Túnez, Tunis
Turkey, Turquía, Turkiye
Turkmenistan, Turkmenistan, Turkmenistan
Turks and Caicos Islands, Islas Turcas y Caicos, Turks and Caicos Islands
Tuvalu, Tuvalu, Tuvalu
Uganda, Uganda, Uganda
Ukraine, Ucrania, Ukrayina
United Arab Emirates, Emiratos Árabes Unidos, Al Imarat al Arabiyah al Muttahidah
United Kingdom, Reino Unido, United Kingdom
United States, Estados Unidos, United States
Uruguay, Uruguay, Republica Oriental del Uruguay
Uzbekistan, Uzbekistán, Uzbekiston Respublikasi
Vanuatu, Vanuatu, Vanuatu
Vatican City State (Holy See), Ciudad del Vatican/ Status Civitatis Vaticanæ
Venezuela, Venezuela, Venezuela
Vietnam, Vietnam, Viet Nam
Wallis and Futuna Islands, Wallis y Futuna, Wallis et Futuna
Yemen, Yemen, Al Yaman
Zaire  Zaire, Zaire
Zambia, Zambia, Zambia
Zimbabwe, Zimbabwe, Zimbabwe
Wales, Gales, Wales
Scotland, Escocia, Scotland
Cataluña, Catalonia, Catalunya
Basque Country, País Vasco, Euzkadi
Galicia, Galicia, Galiza
